note,reference
a distinct remark number 0,REF-00000
a distinct remark number 1,REF-00001
a distinct remark number 2,REF-00002
a distinct remark number 3,REF-00003
a distinct remark number 4,REF-00004
a distinct remark number 5,REF-00005
a distinct remark number 6,REF-00006
a distinct remark number 7,REF-00007
a distinct remark number 8,REF-00008
a distinct remark number 9,REF-00009
a distinct remark number 10,REF-00010
a distinct remark number 11,REF-00011
a distinct remark number 12,REF-00012
a distinct remark number 13,REF-00013
a distinct remark number 14,REF-00014
a distinct remark number 15,REF-00015
a distinct remark number 16,REF-00016
a distinct remark number 17,REF-00017
a distinct remark number 18,REF-00018
a distinct remark number 19,REF-00019
a distinct remark number 20,REF-00020
a distinct remark number 21,REF-00021
a distinct remark number 22,REF-00022
a distinct remark number 23,REF-00023
a distinct remark number 24,REF-00024
a distinct remark number 25,REF-00025
a distinct remark number 26,REF-00026
a distinct remark number 27,REF-00027
a distinct remark number 28,REF-00028
a distinct remark number 29,REF-00029
a distinct remark number 30,REF-00030
a distinct remark number 31,REF-00031
a distinct remark number 32,REF-00032
a distinct remark number 33,REF-00033
a distinct remark number 34,REF-00034
a distinct remark number 35,REF-00035
a distinct remark number 36,REF-00036
a distinct remark number 37,REF-00037
a distinct remark number 38,REF-00038
a distinct remark number 39,REF-00039
a distinct remark number 40,REF-00040
a distinct remark number 41,REF-00041
a distinct remark number 42,REF-00042
a distinct remark number 43,REF-00043
a distinct remark number 44,REF-00044
a distinct remark number 45,REF-00045
a distinct remark number 46,REF-00046
a distinct remark number 47,REF-00047
a distinct remark number 48,REF-00048
a distinct remark number 49,REF-00049
